,faceoffWinPct,gamesPlayed,goalsAgainst,goalsAgainstPerGame,goalsFor,goalsForPerGame,losses,otLosses,penaltyKillNetPct,penaltyKillPct,pointPct,points,powerPlayNetPct,powerPlayPct,regulationAndOtWins,seasonId,shotsAgainstPerGame,shotsForPerGame,teamFullName,teamId,ties,wins,winsInRegulation,winsInShootout,playoffScore,last5PlayoffScore,winRateAgainst500Teams
326,0.498855,6,15,2.5,17,2.83333,4,,0.85,0.85,0.33333,4,0.333333,0.333333,2,20002001,26.33333,27.66666,Detroit Red Wings,17,,2,2,0,0.125,0.0,0.14634146341463414
71,0.491155,13,34,2.61538,25,1.92307,6,,0.777777,0.777778,0.53846,14,0.12,0.12,7,20002001,27.84615,25.61538,Los Angeles Kings,26,,7,3,0,0.4375,0.0,0.12195121951219512
230,0.517482,6,16,2.66666,13,2.16666,4,,0.846153,0.846154,0.33333,4,0.16129,0.16129,2,20002001,31.33333,25.33333,Edmonton Oilers,22,,2,1,0,0.125,0.0,0.13414634146341464
222,0.490304,11,24,2.18181,28,2.54545,4,,0.895833,0.875,0.63636,14,0.230769,0.230769,7,20002001,29.90909,22.45454,Toronto Maple Leafs,10,,7,5,0,0.4375,0.0,0.08536585365853659
298,0.530732,23,41,1.7826,69,3.0,7,,0.858695,0.858696,0.69565,32,0.181034,0.198275,16,20002001,27.04347,26.26086,Colorado Avalanche,21,,16,13,0,1.0,0.0,0.08536585365853659
14,0.475138,25,52,2.08,69,2.76,10,,0.865384,0.836539,0.6,30,0.138613,0.158415,15,20002001,20.28,28.96,New Jersey Devils,1,,15,13,0,0.9375,0.0,0.10975609756097561
193,0.495084,15,34,2.26666,40,2.66666,6,,0.921875,0.875,0.6,18,0.129032,0.145161,9,20002001,27.93333,32.66666,St. Louis Blues,19,,9,6,0,0.5625,0.0,0.06097560975609756
260,0.450549,6,21,3.5,13,2.16666,4,,0.722222,0.666667,0.33333,4,0.235294,0.235294,2,20002001,30.33333,29.33333,Philadelphia Flyers,4,,2,2,0,0.125,0.0,0.13414634146341464
261,0.484949,4,16,4.0,9,2.25,4,,0.736842,0.736843,0.0,0,0.25,0.25,0,20002001,29.0,22.0,Vancouver Canucks,23,,0,0,0,0.0,0.0,0.08536585365853659
355,0.555248,6,20,3.33333,8,1.33333,4,,0.916666,0.916667,0.33333,4,0.068965,0.103448,2,20002001,33.5,19.0,Carolina Hurricanes,12,,2,1,0,0.125,0.0,0.13414634146341464
148,0.569819,6,14,2.33333,10,1.66666,4,,0.761904,0.761905,0.33333,4,0.318181,0.318181,2,20002001,25.5,26.83333,Washington Capitals,15,,2,1,0,0.125,0.0,0.13414634146341464
363,0.535425,13,30,2.30769,38,2.92307,6,,0.863636,0.818182,0.53846,14,0.17647,0.196078,7,20002001,26.76923,28.07692,Buffalo Sabres,7,,7,4,0,0.4375,0.0,0.12195121951219512
365,0.501901,4,10,2.5,3,0.75,4,,0.76923,0.769231,0.0,0,0.0,0.0,0,20002001,24.75,30.75,Ottawa Senators,9,,0,0,0,0.0,0.0,0.10975609756097561
94,0.468677,6,16,2.66666,11,1.83333,4,,0.851851,0.814815,0.33333,4,-0.045454,0.0,2,20002001,30.5,26.83333,San Jose Sharks,28,,2,2,0,0.125,0.0,0.08536585365853659
75,0.464799,18,44,2.44444,38,2.11111,9,,0.79452,0.780822,0.5,18,0.131147,0.180327,9,20002001,26.83333,23.55555,Pittsburgh Penguins,5,,9,6,0,0.5625,0.0,0.15853658536585366
354,0.504213,10,26,2.6,22,2.2,6,,0.87234,0.872341,0.4,8,0.093023,0.116279,4,20002001,27.8,30.0,Dallas Stars,25,,4,1,0,0.25,0.0,0.08536585365853659
165,0.538705,23,43,1.86956,47,2.04347,10,,0.854166,0.84375,0.56521,26,0.135922,0.155339,13,20012002,28.7826,28.04347,Carolina Hurricanes,12,,13,6,0,0.8125,0.125,0.07317073170731707
185,0.497175,5,13,2.6,7,1.4,4,,0.925925,0.925926,0.2,2,0.04,0.04,1,20012002,26.6,26.8,Phoenix Coyotes,27,,1,1,0,0.0625,0.0,0.10975609756097561
196,0.501061,7,16,2.28571,13,1.85714,4,,0.923076,0.923077,0.42857,6,0.058823,0.058823,3,20012002,28.85714,25.14285,Los Angeles Kings,26,,3,2,0,0.1875,0.4375,0.15853658536585366
135,0.503605,12,32,2.66666,34,2.83333,5,,0.895833,0.895834,0.58333,14,0.104166,0.104166,7,20012002,27.08333,26.91666,San Jose Sharks,28,,7,7,0,0.4375,0.125,0.12195121951219512
32,0.467455,5,13,2.6,5,1.0,4,,0.75,0.75,0.2,2,0.0,0.058823,1,20012002,27.8,24.2,Chicago Blackhawks,16,,1,1,0,0.0625,0.0,0.15853658536585366
246,0.501449,10,19,1.9,24,2.4,5,,0.928571,0.880953,0.5,10,0.177777,0.2,5,20012002,25.3,26.9,St. Louis Blues,19,,5,5,0,0.3125,0.5625,0.13414634146341464
187,0.446601,6,9,1.5,11,1.83333,4,,0.857142,0.809524,0.33333,4,0.214285,0.214285,2,20012002,24.16666,32.83333,New Jersey Devils,1,,2,2,0,0.125,0.9375,0.13414634146341464
237,0.487031,21,56,2.66666,54,2.57142,10,,0.854838,0.854839,0.5238,22,0.103896,0.12987,11,20012002,28.04761,26.71428,Colorado Avalanche,21,,11,8,0,0.6875,1.0,0.13414634146341464
68,0.517338,20,49,2.45,44,2.2,10,,0.797979,0.79798,0.5,20,0.144444,0.144444,10,20012002,28.15,28.4,Toronto Maple Leafs,10,,10,9,0,0.625,0.4375,0.12195121951219512
318,0.458438,6,20,3.33333,18,3.0,4,,0.851851,0.777778,0.33333,4,0.25,0.25,2,20012002,23.66666,35.33333,Boston Bruins,6,,2,2,0,0.125,0.0,0.06097560975609756
351,0.460975,6,22,3.66666,16,2.66666,4,,0.72,0.72,0.33333,4,0.037037,0.148148,2,20012002,28.33333,24.5,Vancouver Canucks,23,,2,1,0,0.125,0.0,0.06097560975609756
287,0.520205,23,47,2.04347,72,3.13043,7,,0.932692,0.865385,0.69565,32,0.171717,0.191919,16,20012002,24.56521,29.86956,Detroit Red Wings,17,,16,14,0,1.0,0.125,0.17073170731707318
349,0.501877,12,39,3.25,32,2.66666,6,,0.770833,0.770834,0.5,12,0.145833,0.1875,6,20012002,36.08333,23.91666,Montréal Canadiens,8,,6,5,0,0.375,0.0,0.06097560975609756
267,0.496945,7,22,3.14285,21,3.0,4,,0.88372,0.883721,0.42857,6,0.289473,0.289473,3,20012002,30.71428,28.28571,New York Islanders,2,,3,3,0,0.1875,0.0,0.0975609756097561
1,0.539509,5,11,2.2,2,0.4,4,,0.833333,0.833334,0.2,2,0.0625,0.0625,1,20012002,28.8,27.4,Philadelphia Flyers,4,,1,0,0,0.0625,0.125,0.10975609756097561
274,0.441807,12,18,1.5,29,2.41666,5,,0.853658,0.853659,0.58333,14,0.163636,0.163636,7,20012002,27.66666,29.16666,Ottawa Senators,9,,7,6,0,0.4375,0.0,0.14634146341463414
50,0.537634,7,16,2.28571,17,2.42857,4,,0.75862,0.758621,0.42857,6,0.115384,0.153846,3,20022003,25.28571,29.28571,Colorado Avalanche,21,,3,3,0,0.1875,1.6875,0.12195121951219512
49,0.540045,6,14,2.33333,15,2.5,4,,0.851851,0.851852,0.33333,4,0.148148,0.185185,2,20022003,32.0,29.83333,Washington Capitals,15,,2,2,0,0.125,0.125,0.06097560975609756
93,0.513931,5,13,2.6,8,1.6,4,,0.863636,0.863637,0.2,2,0.166666,0.166666,1,20022003,27.2,28.0,Boston Bruins,6,,1,1,0,0.0625,0.125,0.0975609756097561
90,0.508456,13,33,2.53846,34,2.61538,7,,0.84,0.82,0.46153,12,0.02,0.1,6,20022003,27.23076,32.0,Philadelphia Flyers,4,,6,5,0,0.375,0.1875,0.0975609756097561
99,0.548812,21,40,1.90476,45,2.14285,6,,0.914285,0.871429,0.71428,30,0.1,0.114285,15,20022003,33.5238,26.95238,Anaheim Ducks,24,,15,8,0,0.9375,0.0,0.10975609756097561
356,0.470227,24,41,1.70833,63,2.625,8,,0.905405,0.891892,0.66666,32,0.130952,0.154761,16,20022003,26.25,28.58333,New Jersey Devils,1,,16,14,0,1.0,1.0625,0.12195121951219512
164,0.487079,18,34,1.88888,43,2.38888,7,,0.958904,0.917809,0.61111,22,0.135802,0.148148,11,20022003,24.94444,27.44444,Ottawa Senators,9,,11,7,0,0.6875,0.4375,0.14634146341463414
56,0.513611,7,24,3.42857,16,2.28571,4,,0.90909,0.848485,0.42857,6,0.08,0.12,3,20022003,40.28571,27.0,Toronto Maple Leafs,10,,3,1,0,0.1875,1.0625,0.12195121951219512
97,0.453186,18,43,2.38888,43,2.38888,10,,0.841269,0.809524,0.44444,16,0.178082,0.219178,8,20022003,28.33333,24.94444,Minnesota Wild,30,,8,6,0,0.5,0.0,0.17073170731707318
257,0.505524,6,20,3.33333,11,1.83333,4,,0.846153,0.820513,0.33333,4,0.043478,0.043478,2,20022003,29.0,22.33333,Edmonton Oilers,22,,2,2,0,0.125,0.125,0.18292682926829268
283,0.466417,11,29,2.63636,22,2.0,6,,0.837209,0.790698,0.45454,10,0.135135,0.135135,5,20022003,31.63636,29.90909,Tampa Bay Lightning,14,,5,3,0,0.3125,0.0,0.0975609756097561
255,0.544651,14,47,3.35714,34,2.42857,7,,0.789473,0.763158,0.5,14,0.164383,0.178082,7,20022003,24.78571,27.14285,Vancouver Canucks,23,,7,5,0,0.4375,0.125,0.14634146341463414
252,0.480192,12,25,2.08333,34,2.83333,6,,0.92,0.9,0.5,12,0.137931,0.172413,6,20022003,25.83333,31.83333,Dallas Stars,25,,6,6,0,0.375,0.25,0.13414634146341464
182,0.542372,4,10,2.5,6,1.5,4,,1.0,1.0,0.0,0,0.142857,0.142857,0,20022003,30.0,42.75,Detroit Red Wings,17,,0,0,0,0.0,1.125,0.14634146341463414
178,0.43,7,17,2.42857,21,3.0,4,,0.851063,0.851064,0.42857,6,0.1875,0.208333,3,20022003,26.14285,28.28571,St. Louis Blues,19,,3,3,0,0.1875,0.875,0.0975609756097561
218,0.534482,5,13,2.6,7,1.4,4,,0.857142,0.857143,0.2,2,0.096774,0.096774,1,20022003,27.6,27.2,New York Islanders,2,,1,1,0,0.0625,0.1875,0.08536585365853659
219,0.520958,5,12,2.4,9,1.8,4,,0.967741,0.903226,0.2,2,0.0,0.045454,1,20032004,23.4,25.6,St. Louis Blues,19,,1,1,0,0.0625,1.0625,0.0975609756097561
284,0.486875,23,43,1.86956,60,2.60869,7,,0.881578,0.855264,0.69565,32,0.18,0.21,16,20032004,26.7826,26.17391,Tampa Bay Lightning,14,,16,13,0,1.0,0.3125,0.13414634146341464
224,0.481182,5,19,3.8,10,2.0,4,,0.714285,0.714286,0.2,2,0.090909,0.181818,1,20032004,24.0,31.2,Dallas Stars,25,,1,0,0,0.0625,0.625,0.15853658536585366
96,0.575087,12,20,1.66666,24,2.0,6,,0.98,0.96,0.5,12,0.076923,0.096153,6,20032004,23.41666,32.08333,Detroit Red Wings,17,,6,6,0,0.375,1.125,0.12195121951219512
372,0.532951,11,28,2.54545,24,2.18181,7,,0.880952,0.880953,0.36363,8,0.1,0.125,4,20032004,30.90909,29.0909,Montréal Canadiens,8,,4,4,0,0.25,0.375,0.13414634146341464
240,0.544386,11,24,2.18181,26,2.36363,5,,0.851063,0.808511,0.54545,12,0.1875,0.1875,6,20032004,27.54545,25.90909,Colorado Avalanche,21,,6,3,0,0.375,1.875,0.12195121951219512
270,0.401459,6,12,2.0,9,1.5,4,,0.965517,0.931035,0.33333,4,0.0,0.034482,2,20032004,32.83333,21.33333,Nashville Predators,18,,2,2,0,0.125,0.0,0.0975609756097561
206,0.485245,5,14,2.8,9,1.8,4,,0.666666,0.666667,0.2,2,0.166666,0.166666,1,20032004,26.8,31.0,New Jersey Devils,1,,1,1,0,0.0625,2.0625,0.0975609756097561
300,0.481481,7,19,2.71428,14,2.0,4,,0.9,0.9,0.42857,6,0.08,0.08,3,20032004,30.42857,32.14285,Boston Bruins,6,,3,1,0,0.1875,0.1875,0.15853658536585366
364,0.460413,17,32,1.88235,38,2.23529,7,,0.930555,0.916667,0.58823,20,0.098765,0.135802,10,20032004,27.23529,24.41176,San Jose Sharks,28,,10,9,0,0.625,0.5625,0.08536585365853659
175,0.511052,18,43,2.38888,50,2.77777,7,,0.84507,0.802817,0.61111,22,0.131147,0.131147,11,20032004,28.22222,26.77777,Philadelphia Flyers,4,,11,9,0,0.6875,0.5625,0.0975609756097561
375,0.514925,7,19,2.71428,16,2.28571,4,,0.85,0.85,0.42857,6,0.179487,0.205128,3,20032004,29.14285,29.42857,Vancouver Canucks,23,,3,2,0,0.1875,0.5625,0.12195121951219512
39,0.509615,13,28,2.15384,27,2.07692,7,,0.896551,0.896552,0.46153,12,0.084745,0.101694,6,20032004,30.0,23.92307,Toronto Maple Leafs,10,,6,6,0,0.375,1.25,0.13414634146341464
2,0.510574,5,12,2.4,5,1.0,4,,0.913043,0.913044,0.2,2,0.0625,0.125,1,20032004,24.2,28.4,New York Islanders,2,,1,1,0,0.0625,0.25,0.15853658536585366
36,0.483805,26,53,2.03846,60,2.30769,11,,0.851239,0.826447,0.57692,30,0.138888,0.138888,15,20032004,27.5,26.84615,Calgary Flames,20,,15,10,0,0.9375,0.0,0.0975609756097561
10,0.497907,7,14,2.0,11,1.57142,4,,0.875,0.875,0.42857,6,0.085714,0.085714,3,20032004,22.0,34.0,Ottawa Senators,9,,3,2,0,0.1875,1.125,0.13414634146341464
0,0.41255,11,29,2.63636,29,2.63636,5,,0.806451,0.806452,0.54545,12,0.125,0.152777,6,20052006,28.63636,31.45454,San Jose Sharks,28,,6,6,0,0.375,1.1875,0.36585365853658536
336,0.520618,24,61,2.54166,70,2.91666,9,,0.879746,0.86076,0.625,30,0.16312,0.170212,15,20052006,31.66666,27.29166,Edmonton Oilers,22,,15,12,0,0.9375,0.25,0.3780487804878049
316,0.505582,9,31,3.44444,22,2.44444,5,,0.9,0.86,0.44444,8,0.076923,0.096153,4,20052006,33.11111,28.55555,Colorado Avalanche,21,,4,1,0,0.25,2.25,0.2804878048780488
118,0.497512,4,17,4.25,4,1.0,4,,0.703703,0.703704,0.0,0,-0.047619,0.095238,0,20052006,26.0,28.5,New York Rangers,3,,0,0,0,0.0,0.0,0.2804878048780488
265,0.511643,25,60,2.4,73,2.92,9,,0.868613,0.854015,0.64,32,0.224806,0.24031,16,20052006,26.96,28.84,Carolina Hurricanes,12,,16,12,0,1.0,0.9375,0.35365853658536583
151,0.474038,16,36,2.25,46,2.875,7,,0.895833,0.885417,0.5625,18,0.068627,0.107843,9,20052006,26.1875,33.0,Anaheim Ducks,24,,9,7,0,0.5625,0.9375,0.3048780487804878
234,0.480712,5,23,4.6,13,2.6,4,,0.666666,0.666667,0.2,2,0.096774,0.129032,1,20052006,31.2,34.2,Tampa Bay Lightning,14,,1,1,0,0.0625,1.3125,0.2926829268292683
34,0.534313,6,19,3.16666,17,2.83333,4,,0.783783,0.783784,0.33333,4,0.2,0.2,2,20052006,26.0,39.66666,Detroit Red Wings,17,,2,1,0,0.125,1.5,0.36585365853658536
168,0.525679,10,29,2.9,36,3.6,5,,0.890909,0.872728,0.5,10,0.196428,0.25,5,20052006,28.9,32.5,Ottawa Senators,9,,5,5,0,0.3125,1.3125,0.4024390243902439
171,0.461839,9,21,2.33333,27,3.0,4,,0.844444,0.755556,0.55555,10,0.189655,0.189655,5,20052006,29.44444,25.44444,New Jersey Devils,1,,5,5,0,0.3125,2.125,0.3048780487804878
192,0.585987,5,17,3.4,10,2.0,4,,0.783783,0.756757,0.2,2,0.1875,0.1875,1,20052006,34.2,27.4,Nashville Predators,18,,1,1,0,0.0625,0.125,0.2682926829268293
242,0.551428,5,18,3.6,15,3.0,4,,0.857142,0.821429,0.2,2,0.129032,0.16129,1,20052006,27.2,31.2,Dallas Stars,25,,1,1,0,0.0625,0.6875,0.3902439024390244
352,0.503325,7,17,2.42857,16,2.28571,4,,0.90909,0.863637,0.42857,6,0.116279,0.139534,3,20052006,29.0,25.28571,Calgary Flames,20,,3,2,0,0.1875,0.9375,0.35365853658536583
123,0.539772,6,15,2.5,17,2.83333,4,,0.8,0.8,0.33333,4,0.222222,0.222222,2,20052006,35.33333,27.83333,Montréal Canadiens,8,,2,1,0,0.125,0.625,0.3048780487804878
61,0.477095,18,49,2.72222,60,3.33333,7,,0.880434,0.826087,0.61111,22,0.141414,0.161616,11,20052006,29.05555,28.05555,Buffalo Sabres,7,,11,6,0,0.6875,0.4375,0.3902439024390244
362,0.502564,6,27,4.5,14,2.33333,4,,0.853658,0.829269,0.33333,4,0.034482,0.103448,2,20052006,34.16666,26.66666,Philadelphia Flyers,4,,2,2,0,0.125,1.25,0.23170731707317074
245,0.495961,10,23,2.3,30,3.0,4,,0.884615,0.884616,0.6,12,0.24074,0.24074,6,20062007,29.2,34.3,New York Rangers,3,,6,5,0,0.375,0.0,0.1951219512195122
115,0.494613,16,39,2.4375,44,2.75,7,,0.813333,0.813334,0.5625,18,0.113636,0.125,9,20062007,30.625,29.875,Buffalo Sabres,7,,9,8,0,0.5625,0.6875,0.2926829268292683
247,0.49696,11,29,2.63636,30,2.72727,6,,0.826086,0.826087,0.45454,10,0.16,0.2,5,20062007,30.27272,28.81818,New Jersey Devils,1,,5,3,0,0.3125,1.5,0.25609756097560976
303,0.470297,12,26,2.16666,21,1.75,7,,0.894736,0.894737,0.41666,10,0.059701,0.059701,5,20062007,36.5,32.16666,Vancouver Canucks,23,,5,2,0,0.3125,0.75,0.3048780487804878
305,0.488023,6,19,3.16666,14,2.33333,4,,0.785714,0.75,0.33333,4,0.153846,0.153846,2,20062007,28.16666,28.0,Tampa Bay Lightning,14,,2,2,0,0.125,1.375,0.24390243902439024
244,0.505468,21,45,2.14285,58,2.7619,5,,0.884297,0.867769,0.7619,32,0.123809,0.15238,16,20062007,27.57142,30.47619,Anaheim Ducks,24,,16,12,0,1.0,1.5,0.3048780487804878
70,0.537473,7,13,1.85714,12,1.71428,4,,0.921052,0.921053,0.42857,6,0.1,0.1,3,20062007,33.0,34.28571,Dallas Stars,25,,3,2,0,0.1875,0.5,0.32926829268292684
17,0.453608,6,18,3.0,10,1.66666,4,,0.894736,0.868422,0.33333,4,0.117647,0.17647,2,20062007,42.5,21.5,Calgary Flames,20,,2,2,0,0.125,1.125,0.2682926829268293
31,0.468468,4,17,4.25,6,1.5,4,,0.791666,0.791667,0.0,0,0.058823,0.058823,0,20062007,35.75,24.75,Atlanta Thrashers,11,,0,0,0,0.0,0.0,0.21951219512195122
136,0.527331,5,17,3.4,11,2.2,4,,0.833333,0.833334,0.2,2,0.105263,0.105263,1,20062007,32.4,26.8,New York Islanders,2,,1,1,0,0.0625,0.3125,0.21951219512195122
249,0.516363,5,12,2.4,9,1.8,4,,0.789473,0.736843,0.2,2,0.037037,0.074074,1,20062007,29.2,28.8,Minnesota Wild,30,,1,1,0,0.0625,0.5,0.2682926829268293
130,0.460526,5,18,3.6,10,2.0,4,,0.75,0.75,0.2,2,0.142857,0.142857,1,20062007,30.2,22.0,Pittsburgh Penguins,5,,1,1,0,0.0625,0.0,0.23170731707317074
81,0.531539,18,35,1.94444,48,2.66666,8,,0.912087,0.868132,0.55555,20,0.165048,0.184466,10,20062007,24.72222,34.66666,Detroit Red Wings,17,,10,8,0,0.625,1.5,0.2926829268292683
339,0.496855,11,27,2.45454,25,2.27272,5,,0.829787,0.829788,0.54545,12,0.035087,0.070175,6,20062007,29.45454,27.90909,San Jose Sharks,28,,6,5,0,0.375,1.4375,0.2804878048780488
183,0.511759,20,47,2.35,59,2.95,7,,0.90909,0.878788,0.65,26,0.189473,0.189473,13,20062007,25.25,28.65,Ottawa Senators,9,,13,11,0,0.8125,1.625,0.24390243902439024
205,0.471698,5,16,3.2,14,2.8,4,,0.966666,0.933334,0.2,2,0.136363,0.136363,1,20062007,32.6,26.8,Nashville Predators,18,,1,1,0,0.0625,0.1875,0.23170731707317074
190,0.464285,7,19,2.71428,17,2.42857,4,,0.806451,0.806452,0.42857,6,0.272727,0.272727,3,20072008,32.71428,23.14285,Calgary Flames,20,,3,3,0,0.1875,1.25,0.2682926829268293
248,0.529255,13,32,2.46153,30,2.30769,7,,0.795454,0.75,0.46153,12,0.142857,0.142857,6,20072008,25.6923,31.92307,San Jose Sharks,28,,6,5,0,0.375,1.375,0.24390243902439024
109,0.490109,7,23,3.28571,20,2.85714,4,,0.777777,0.777778,0.42857,6,0.228571,0.228571,3,20072008,34.71428,31.14285,Washington Capitals,15,,3,3,0,0.1875,0.125,0.25609756097560976
191,0.456071,18,41,2.27777,45,2.5,8,,0.828947,0.828948,0.55555,20,0.155555,0.2,10,20072008,28.44444,27.16666,Dallas Stars,25,,10,7,0,0.625,0.6875,0.2926829268292683
291,0.504761,12,35,2.91666,33,2.75,7,,0.863636,0.84091,0.41666,10,0.10909,0.145454,5,20072008,27.75,33.16666,Montréal Canadiens,8,,5,3,0,0.3125,0.375,0.2073170731707317
46,0.545667,22,41,1.86363,72,3.27272,6,,0.918367,0.857143,0.72727,32,0.188679,0.188679,16,20072008,23.63636,36.5,Detroit Red Wings,17,,16,15,0,1.0,1.125,0.2804878048780488
272,0.49544,6,20,3.33333,13,2.16666,4,,0.736842,0.736843,0.33333,4,0.208333,0.208333,2,20072008,31.33333,23.0,Anaheim Ducks,24,,2,2,0,0.125,2.5,0.2682926829268293
153,0.509971,17,54,3.17647,52,3.05882,8,,0.786666,0.76,0.52941,18,0.194029,0.22388,9,20072008,31.88235,29.94117,Philadelphia Flyers,4,,9,7,0,0.5625,1.1875,0.25609756097560976
251,0.475675,6,17,2.83333,12,2.0,4,,0.884615,0.884616,0.33333,4,0.043478,0.086956,2,20072008,40.33333,24.0,Nashville Predators,18,,2,2,0,0.125,0.25,0.23170731707317074
160,0.523026,5,19,3.8,12,2.4,4,,0.764705,0.764706,0.2,2,0.166666,0.208333,1,20072008,30.0,28.8,New Jersey Devils,1,,1,0,0,0.0625,1.6875,0.3048780487804878
276,0.507331,6,17,2.83333,12,2.0,4,,0.866666,0.8,0.33333,4,0.095238,0.142857,2,20072008,30.16666,33.33333,Minnesota Wild,30,,2,0,0,0.125,0.5625,0.21951219512195122
293,0.487179,10,33,3.3,26,2.6,6,,0.795454,0.772728,0.4,8,0.125,0.208333,4,20072008,35.1,28.6,Colorado Avalanche,21,,4,3,0,0.25,0.8125,0.2804878048780488
275,0.533596,4,16,4.0,5,1.25,4,,0.73913,0.739131,0.0,0,0.076923,0.076923,0,20072008,40.25,28.0,Ottawa Senators,9,,0,0,0,0.0,2.0,0.21951219512195122
137,0.506872,10,27,2.7,31,3.1,5,,0.8125,0.791667,0.5,10,0.166666,0.166666,5,20072008,28.8,29.5,New York Rangers,3,,5,5,0,0.3125,0.375,0.3170731707317073
89,0.495305,7,19,2.71428,15,2.14285,4,,0.939393,0.909091,0.42857,6,0.1,0.1,3,20072008,31.57142,28.57142,Boston Bruins,6,,3,2,0,0.1875,0.25,0.2073170731707317
67,0.471713,20,43,2.15,61,3.05,6,,0.882352,0.870589,0.7,28,0.206521,0.22826,14,20072008,30.6,29.7,Pittsburgh Penguins,5,,14,12,0,0.875,0.0625,0.2804878048780488
72,0.505025,7,17,2.42857,15,2.14285,4,,0.931034,0.931035,0.42857,6,0.111111,0.111111,3,20082009,34.14285,34.57142,New Jersey Devils,1,,3,2,0,0.1875,0.75,0.2804878048780488
21,0.537302,23,48,2.08695,76,3.30434,8,,0.746478,0.732395,0.65217,30,0.226804,0.237113,15,20082009,28.13043,36.30434,Detroit Red Wings,17,,15,13,0,0.9375,2.125,0.25609756097560976
189,0.475352,4,11,2.75,5,1.25,4,,0.777777,0.777778,0.0,0,0.041666,0.041666,0,20082009,30.0,32.75,St. Louis Blues,19,,0,0,0,0.0,0.0625,0.18292682926829268
145,0.507598,6,18,3.0,10,1.66666,4,,0.782608,0.782609,0.33333,4,0.166666,0.166666,2,20082009,26.0,38.33333,San Jose Sharks,28,,2,1,0,0.125,1.75,0.23170731707317074
202,0.51282,4,18,4.5,7,1.75,4,,0.681818,0.681819,0.0,0,0.230769,0.230769,0,20082009,35.0,27.5,Columbus Blue Jackets,29,,0,0,0,0.0,0.0,0.2682926829268293
55,0.487106,18,52,2.88888,42,2.33333,10,,0.901408,0.887324,0.44444,16,0.1,0.1,8,20082009,32.16666,31.66666,Carolina Hurricanes,12,,8,5,0,0.5,1.0,0.23170731707317074
369,0.519685,11,22,2.0,34,3.0909,4,,0.888888,0.888889,0.63636,14,0.116279,0.139534,7,20082009,29.45454,29.90909,Boston Bruins,6,,7,7,0,0.4375,0.375,0.2804878048780488
368,0.462686,7,19,2.71428,11,1.57142,4,,0.818181,0.818182,0.42857,6,0.096774,0.129032,3,20082009,30.85714,23.71428,New York Rangers,3,,3,3,0,0.1875,0.6875,0.25609756097560976
169,0.493414,17,54,3.17647,54,3.17647,8,,0.8,0.784616,0.52941,18,0.264705,0.279411,9,20082009,29.94117,29.82352,Chicago Blackhawks,16,,9,6,0,0.5625,0.0,0.21951219512195122
3,0.443298,6,18,3.0,16,2.66666,4,,0.90625,0.875,0.33333,4,0.133333,0.133333,2,20082009,33.33333,32.33333,Philadelphia Flyers,4,,2,2,0,0.125,1.375,0.2682926829268293
114,0.489177,4,17,4.25,6,1.5,4,,0.75,0.75,0.0,0,0.0,0.0,0,20082009,32.5,27.75,Montréal Canadiens,8,,0,0,0,0.0,0.6875,0.24390243902439024
228,0.546228,14,38,2.71428,41,2.92857,7,,0.830769,0.8,0.5,14,0.211538,0.211538,7,20082009,30.14285,28.28571,Washington Capitals,15,,7,6,0,0.4375,0.1875,0.3048780487804878
158,0.526232,10,28,2.8,30,3.0,4,,0.823529,0.82353,0.6,12,0.227272,0.25,6,20082009,30.6,26.3,Vancouver Canucks,23,,6,5,0,0.375,0.5,0.18292682926829268
149,0.483775,6,21,3.5,16,2.66666,4,,0.708333,0.708334,0.33333,4,0.111111,0.111111,2,20082009,29.16666,29.33333,Calgary Flames,20,,2,2,0,0.125,1.4375,0.14634146341463414
360,0.484352,24,64,2.66666,79,3.29166,8,,0.845238,0.833334,0.66666,32,0.185567,0.206185,16,20082009,28.95833,32.54166,Pittsburgh Penguins,5,,16,13,0,1.0,0.9375,0.2926829268292683
259,0.460835,13,32,2.46153,35,2.6923,6,,0.8,0.8,0.53846,14,0.26,0.26,7,20082009,40.92307,26.84615,Anaheim Ducks,24,,7,6,0,0.4375,1.6875,0.15853658536585366
25,0.507669,22,62,2.81818,78,3.54545,6,,0.877777,0.833334,0.72727,32,0.2,0.225,16,20092010,29.63636,31.81818,Chicago Blackhawks,16,,16,13,0,1.0,0.5625,0.2682926829268293
216,0.485868,13,38,2.92307,42,3.23076,6,,0.744186,0.720931,0.53846,14,0.245614,0.263157,7,20092010,26.61538,34.15384,Pittsburgh Penguins,5,,7,6,0,0.4375,1.9375,0.14634146341463414
141,0.461538,6,19,3.16666,11,1.83333,4,,0.807692,0.807693,0.33333,4,0.133333,0.133333,2,20092010,40.83333,24.83333,Colorado Avalanche,21,,2,1,0,0.125,0.5,0.18292682926829268
239,0.470909,19,57,3.0,46,2.42105,10,,0.857142,0.845239,0.47368,18,0.123287,0.164383,9,20092010,33.73684,26.68421,Montréal Canadiens,8,,9,8,0,0.5625,0.4375,0.14634146341463414
250,0.44972,6,16,2.66666,15,2.5,4,,0.727272,0.727273,0.33333,4,0.0,0.0,2,20092010,34.16666,32.33333,Buffalo Sabres,7,,2,2,0,0.125,1.25,0.17073170731707318
24,0.483069,7,26,3.71428,18,2.57142,4,,0.794117,0.764706,0.42857,6,0.181818,0.181818,3,20092010,36.71428,31.57142,Phoenix Coyotes,27,,3,3,0,0.1875,0.0,0.25609756097560976
357,0.478596,23,61,2.65217,76,3.30434,9,,0.863157,0.852632,0.60869,28,0.2,0.219047,14,20092010,29.21739,28.08695,Philadelphia Flyers,4,,14,11,0,0.875,0.8125,0.14634146341463414
131,0.526757,15,41,2.73333,41,2.73333,7,,0.836734,0.816327,0.53333,16,0.197183,0.197183,8,20092010,29.06666,36.46666,San Jose Sharks,28,,8,5,0,0.5,1.25,0.2804878048780488
309,0.544061,13,37,2.84615,36,2.76923,6,,0.9,0.9,0.53846,14,0.244444,0.244444,7,20092010,31.53846,31.84615,Boston Bruins,6,,7,5,0,0.4375,0.625,0.18292682926829268
294,0.570786,7,20,2.85714,22,3.14285,4,,0.866666,0.8,0.42857,6,0.030303,0.030303,3,20092010,27.71428,41.71428,Washington Capitals,15,,3,2,0,0.1875,0.625,0.21951219512195122
330,0.471751,6,17,2.83333,15,2.5,4,,0.869565,0.826087,0.33333,4,0.0,0.037037,2,20092010,30.0,27.66666,Nashville Predators,18,,2,2,0,0.125,0.25,0.21951219512195122
102,0.450127,6,25,4.16666,18,3.0,4,,0.75,0.75,0.33333,4,0.384615,0.384615,2,20092010,31.16666,27.66666,Los Angeles Kings,26,,2,1,0,0.125,0.0,0.23170731707317074
92,0.525065,6,24,4.0,19,3.16666,4,,0.75,0.75,0.33333,4,0.272727,0.318181,2,20092010,36.66666,28.83333,Ottawa Senators,9,,2,1,0,0.125,1.125,0.1951219512195122
9,0.54076,12,41,3.41666,43,3.58333,6,,0.685185,0.685186,0.5,12,0.18,0.22,6,20092010,30.91666,29.83333,Vancouver Canucks,23,,6,5,0,0.375,0.6875,0.25609756097560976
8,0.5,12,33,2.75,43,3.58333,7,,0.8125,0.8125,0.41666,10,0.192982,0.210526,5,20092010,32.25,34.75,Detroit Red Wings,17,,5,5,0,0.3125,2.6875,0.2804878048780488
127,0.503472,5,15,3.0,9,1.8,4,,0.75862,0.724138,0.2,2,0.125,0.125,1,20092010,25.2,27.0,New Jersey Devils,1,,1,1,0,0.0625,0.875,0.21951219512195122
332,0.493112,5,13,2.6,8,1.6,4,,0.8125,0.8125,0.2,2,0.05,0.05,1,20102011,31.2,29.6,New York Rangers,3,,1,1,0,0.0625,0.875,0.2804878048780488
209,0.520325,25,53,2.12,81,3.24,9,,0.885416,0.84375,0.64,32,0.102272,0.113636,16,20102011,34.04,31.92,Boston Bruins,6,,16,12,0,1.0,1.0625,0.25609756097560976
361,0.463013,6,22,3.66666,20,3.33333,4,,0.814814,0.777778,0.33333,4,0.363636,0.363636,2,20102011,31.66666,27.16666,Anaheim Ducks,24,,2,2,0,0.125,2.125,0.3902439024390244
35,0.46875,7,17,2.42857,17,2.42857,4,,1.047619,1.0,0.42857,6,0.222222,0.222222,3,20102011,34.71428,32.71428,Montréal Canadiens,8,,3,3,0,0.1875,1.0,0.2926829268292683
321,0.499394,25,69,2.76,58,2.32,10,,0.818181,0.808081,0.6,30,0.139784,0.204301,15,20102011,31.76,32.32,Vancouver Canucks,23,,15,11,0,0.9375,1.0625,0.3170731707317073
163,0.518604,7,16,2.28571,22,3.14285,4,,0.833333,0.777778,0.42857,6,0.206896,0.206896,3,20102011,31.14285,30.85714,Chicago Blackhawks,16,,3,2,0,0.1875,1.5625,0.2926829268292683
319,0.531492,18,58,3.22222,51,2.83333,9,,0.763157,0.763158,0.5,18,0.19178,0.19178,9,20102011,31.61111,36.88888,San Jose Sharks,28,,9,4,0,0.5625,1.75,0.3902439024390244
174,0.494875,11,28,2.54545,36,3.27272,4,,0.760869,0.76087,0.63636,14,0.186046,0.186046,7,20102011,33.0909,35.18181,Detroit Red Wings,17,,7,7,0,0.4375,3.0,0.3048780487804878
58,0.493827,12,34,2.83333,33,2.75,6,,0.75,0.7,0.5,12,0.104166,0.145833,6,20102011,29.5,29.5,Nashville Predators,18,,6,4,0,0.375,0.375,0.2804878048780488
231,0.47826,4,18,4.5,10,2.5,4,,0.733333,0.733334,0.0,0,0.333333,0.333333,0,20102011,35.0,29.5,Phoenix Coyotes,27,,0,0,0,0.0,0.1875,0.3170731707317073
15,0.495016,18,45,2.5,59,3.27777,7,,0.935897,0.923077,0.61111,22,0.238805,0.253731,11,20102011,32.83333,28.94444,Tampa Bay Lightning,14,,11,10,0,0.6875,0.1875,0.2682926829268293
186,0.46875,11,38,3.45454,29,2.63636,7,,0.80851,0.808511,0.36363,8,0.142857,0.142857,4,20102011,31.0,36.36363,Philadelphia Flyers,4,,4,3,0,0.25,1.6875,0.2804878048780488
69,0.496801,7,22,3.14285,14,2.0,4,,0.703703,0.703704,0.42857,6,0.0,0.028571,3,20102011,25.71428,36.71428,Pittsburgh Penguins,5,,3,2,0,0.1875,2.375,0.2682926829268293
313,0.445012,6,20,3.33333,20,3.33333,4,,0.913043,0.913044,0.33333,4,0.208333,0.208333,2,20102011,38.16666,28.16666,Los Angeles Kings,26,,2,2,0,0.125,0.125,0.34146341463414637
290,0.510301,9,24,2.66666,23,2.55555,5,,0.868421,0.868422,0.44444,8,0.142857,0.142857,4,20102011,29.11111,32.11111,Washington Capitals,15,,4,2,0,0.25,0.8125,0.25609756097560976
310,0.527233,7,22,3.14285,18,2.57142,4,,0.857142,0.857143,0.42857,6,0.225806,0.225806,3,20102011,35.85714,30.28571,Buffalo Sabres,7,,3,2,0,0.1875,1.375,0.24390243902439024
197,0.513982,16,35,2.1875,37,2.3125,7,,0.907692,0.907693,0.5625,18,0.12,0.14,9,20112012,37.6875,26.6875,Phoenix Coyotes,27,,9,5,0,0.5625,0.1875,0.2804878048780488
86,0.472124,24,58,2.41666,59,2.45833,10,,0.743902,0.731708,0.58333,28,0.129411,0.152941,14,20112012,26.95833,28.375,New Jersey Devils,1,,14,10,0,0.875,0.625,0.23170731707317074
288,0.488612,7,16,2.28571,15,2.14285,4,,0.842105,0.842106,0.42857,6,0.086956,0.086956,3,20112012,29.57142,35.42857,Boston Bruins,6,,3,1,0,0.1875,2.0625,0.1951219512195122
331,0.519181,6,30,5.0,26,4.33333,4,,0.47826,0.478261,0.33333,4,0.206896,0.310344,2,20112012,27.5,30.16666,Pittsburgh Penguins,5,,2,2,0,0.125,2.5625,0.2926829268292683
113,0.498338,5,13,2.6,9,1.8,4,,0.90909,0.909091,0.2,2,0.173913,0.173913,1,20112012,23.2,32.0,Detroit Red Wings,17,,1,1,0,0.0625,3.3125,0.32926829268292684
324,0.501424,11,44,4.0,41,3.72727,6,,0.80851,0.723405,0.45454,10,0.333333,0.357142,5,20112012,31.45454,27.18181,Philadelphia Flyers,4,,5,3,0,0.3125,1.8125,0.21951219512195122
241,0.515358,9,23,2.55555,20,2.22222,5,,0.921052,0.921053,0.44444,8,0.114285,0.171428,4,20112012,26.11111,28.22222,St. Louis Blues,19,,4,4,0,0.25,0.0,0.3170731707317073
258,0.490415,10,21,2.1,22,2.2,5,,0.857142,0.857143,0.5,10,0.121951,0.121951,5,20112012,29.6,27.5,Nashville Predators,18,,5,5,0,0.3125,0.6875,0.3170731707317073
320,0.544334,7,14,2.0,13,1.85714,4,,0.84375,0.84375,0.42857,6,0.153846,0.153846,3,20112012,29.71428,31.14285,Ottawa Senators,9,,3,1,0,0.1875,0.9375,0.15853658536585366
311,0.49315,6,17,2.83333,12,2.0,4,,0.789473,0.789474,0.33333,4,0.052631,0.052631,2,20112012,26.5,40.16666,Chicago Blackhawks,16,,2,0,0,0.125,1.75,0.2682926829268293
80,0.51746,5,12,2.4,8,1.6,4,,0.884615,0.884616,0.2,2,0.047619,0.142857,1,20112012,33.2,34.4,Vancouver Canucks,23,,1,1,0,0.0625,2.0,0.3170731707317073
5,0.508752,14,30,2.14285,29,2.07142,7,,0.875,0.875,0.5,14,0.179487,0.179487,7,20112012,32.78571,27.57142,Washington Capitals,15,,7,5,0,0.4375,1.0625,0.15853658536585366
315,0.490084,5,14,2.8,8,1.6,4,,0.666666,0.666667,0.2,2,0.117647,0.117647,1,20112012,30.4,28.8,San Jose Sharks,28,,1,0,0,0.0625,1.9375,0.35365853658536583
235,0.496784,20,30,1.5,57,2.85,4,,0.986842,0.921053,0.8,32,0.127659,0.127659,16,20112012,26.95,30.55,Los Angeles Kings,26,,16,12,0,1.0,0.25,0.2804878048780488
100,0.483763,20,41,2.05,43,2.15,10,,0.840579,0.84058,0.5,20,0.178082,0.178082,10,20112012,27.85,29.3,New York Rangers,3,,10,8,0,0.625,0.9375,0.2682926829268293
350,0.544529,7,18,2.57142,17,2.42857,4,,0.84,0.8,0.42857,6,0.333333,0.333333,3,20112012,31.85714,27.85714,Florida Panthers,13,,3,3,0,0.1875,0.0,0.15853658536585366
370,0.494845,10,31,3.1,31,3.1,5,,0.863636,0.795455,0.5,10,0.136363,0.181818,5,20122013,37.7,32.4,Ottawa Senators,9,,5,3,0,0.3125,0.3125,0.25
19,0.493188,6,25,4.16666,17,2.83333,4,,0.714285,0.666667,0.33333,4,0.1,0.1,2,20122013,27.83333,32.83333,New York Islanders,2,,2,2,0,0.125,0.0,0.25
199,0.529085,6,12,2.0,10,1.66666,4,,0.933333,0.866667,0.33333,4,0.117647,0.117647,2,20122013,24.83333,29.5,St. Louis Blues,19,,2,1,0,0.125,0.25,0.3333333333333333
213,0.516923,5,20,4.0,9,1.8,4,,0.76,0.76,0.2,2,0.105263,0.157894,1,20122013,30.8,36.0,Montréal Canadiens,8,,1,1,0,0.0625,1.0625,0.2916666666666667
204,0.552558,22,47,2.13636,65,2.95454,8,,0.901408,0.887324,0.63636,28,0.142857,0.174603,14,20122013,34.63636,35.54545,Boston Bruins,6,,14,9,0,0.875,2.25,0.25
277,0.438596,4,15,3.75,8,2.0,4,,0.708333,0.708334,0.0,0,0.2,0.2,0,20122013,36.5,31.5,Vancouver Canucks,23,,0,0,0,0.0,1.75,0.22916666666666666
281,0.481561,7,18,2.57142,21,3.0,4,,0.8,0.76,0.42857,6,0.24,0.28,3,20122013,31.14285,32.14285,Anaheim Ducks,24,,3,2,0,0.1875,0.6875,0.3333333333333333
299,0.508274,7,16,2.28571,12,1.71428,4,,0.928571,0.928572,0.42857,6,0.1875,0.1875,3,20122013,29.28571,32.28571,Washington Capitals,15,,3,1,0,0.1875,1.5,0.20833333333333334
263,0.529943,14,37,2.64285,33,2.35714,7,,0.795918,0.775511,0.5,14,0.122448,0.142857,7,20122013,33.07142,29.78571,Detroit Red Wings,17,,7,4,0,0.4375,2.75,0.22916666666666666
28,0.501483,5,17,3.4,7,1.4,4,,0.846153,0.846154,0.2,2,-0.058823,0.0,1,20122013,33.8,27.8,Minnesota Wild,30,,1,0,0,0.0625,0.125,0.20833333333333334
201,0.400432,7,22,3.14285,18,2.57142,4,,0.9,0.85,0.42857,6,0.190476,0.238095,3,20122013,39.0,33.42857,Toronto Maple Leafs,10,,3,3,0,0.1875,0.0,0.2708333333333333
4,0.480392,12,28,2.33333,26,2.16666,7,,0.75,0.75,0.41666,10,0.090909,0.090909,5,20122013,34.33333,30.16666,New York Rangers,3,,5,4,0,0.3125,1.1875,0.16666666666666666
60,0.467986,23,48,2.08695,64,2.7826,7,,0.93421,0.907895,0.69565,32,0.1,0.114285,16,20122013,29.3913,34.21739,Chicago Blackhawks,16,,16,11,0,1.0,1.875,0.3958333333333333
65,0.481548,18,34,1.88888,37,2.05555,9,,0.894736,0.877193,0.5,18,0.153846,0.173076,9,20122013,29.27777,25.55555,Los Angeles Kings,26,,9,8,0,0.5625,1.25,0.2916666666666667
82,0.496919,15,40,2.66666,49,3.26666,7,,0.961538,0.923077,0.53333,16,0.163934,0.213114,8,20122013,32.66666,33.33333,Pittsburgh Penguins,5,,8,6,0,0.5,2.625,0.4166666666666667
146,0.557558,11,22,2.0,25,2.27272,4,,0.766666,0.766667,0.63636,14,0.22,0.22,7,20122013,27.18181,31.90909,San Jose Sharks,28,,7,4,0,0.4375,1.625,0.2708333333333333
374,0.464788,5,14,2.8,6,1.2,4,,0.625,0.625,0.2,2,0.1,0.1,1,20132014,32.2,30.4,Detroit Red Wings,17,,1,1,0,0.0625,2.1875,0.18292682926829268
334,0.465707,13,37,2.84615,35,2.6923,6,,0.867924,0.849057,0.53846,14,0.22,0.24,7,20132014,29.6923,26.76923,Anaheim Ducks,24,,7,6,0,0.4375,0.75,0.25609756097560976
91,0.525686,13,35,2.6923,35,2.6923,7,,0.868421,0.842106,0.46153,12,0.078947,0.131578,6,20132014,24.0,30.46153,Minnesota Wild,30,,6,4,0,0.375,0.0625,0.18292682926829268
51,0.516355,6,20,3.33333,18,3.0,4,,0.76923,0.73077,0.33333,4,0.068965,0.103448,2,20132014,27.83333,29.83333,Dallas Stars,25,,2,2,0,0.125,0.0,0.1951219512195122
306,0.483404,17,46,2.70588,51,3.0,7,,0.843137,0.803922,0.58823,20,0.163934,0.196721,10,20132014,30.70588,29.29411,Montréal Canadiens,8,,10,7,0,0.625,0.8125,0.1951219512195122
304,0.516355,7,19,2.71428,16,2.28571,4,,0.896551,0.896552,0.42857,6,0.285714,0.285714,3,20132014,31.57142,25.57142,Philadelphia Flyers,4,,3,3,0,0.1875,1.5625,0.18292682926829268
301,0.473588,25,60,2.4,64,2.56,12,,0.890243,0.853659,0.52,26,0.106796,0.126213,13,20132014,30.16,29.32,New York Rangers,3,,13,11,0,0.8125,1.1875,0.15853658536585366
23,0.513307,4,16,4.0,10,2.5,4,,0.923076,0.846154,0.0,0,0.142857,0.285714,0,20132014,34.5,26.0,Tampa Bay Lightning,14,,0,0,0,0.0,0.6875,0.1951219512195122
162,0.496465,19,55,2.89473,58,3.05263,8,,0.861538,0.846154,0.57894,22,0.210526,0.210526,11,20132014,31.21052,27.94736,Chicago Blackhawks,16,,11,7,0,0.6875,2.875,0.2073170731707317
227,0.515544,6,21,3.5,18,3.0,4,,0.896551,0.793104,0.33333,4,0.185185,0.259259,2,20132014,36.5,32.66666,Columbus Blue Jackets,29,,2,0,0,0.125,0.0,0.14634146341463414
225,0.533586,12,26,2.16666,30,2.5,5,,0.777777,0.777778,0.58333,14,0.264705,0.264705,7,20132014,29.08333,33.0,Boston Bruins,6,,7,5,0,0.4375,2.9375,0.2804878048780488
44,0.463519,7,22,3.14285,20,2.85714,4,,0.95238,0.857143,0.42857,6,0.08,0.12,3,20132014,33.28571,24.85714,Colorado Avalanche,21,,3,1,0,0.1875,0.125,0.25609756097560976
166,0.496717,7,26,3.71428,22,3.14285,4,,0.75,0.75,0.42857,6,0.125,0.125,3,20132014,31.85714,35.42857,San Jose Sharks,28,,3,2,0,0.1875,1.6875,0.2926829268292683
282,0.467415,6,20,3.33333,14,2.33333,4,,0.85,0.85,0.33333,4,0.068965,0.068965,2,20132014,31.0,35.83333,St. Louis Blues,19,,2,0,0,0.125,0.375,0.2804878048780488
200,0.529079,26,70,2.6923,88,3.38461,10,,0.833333,0.833334,0.61538,32,0.2,0.235294,16,20132014,30.07692,32.26923,Los Angeles Kings,26,,16,11,0,1.0,1.8125,0.2073170731707317
40,0.522643,13,33,2.53846,35,2.6923,6,,0.867924,0.811321,0.53846,14,0.081632,0.142857,7,20132014,29.15384,33.61538,Pittsburgh Penguins,5,,7,7,0,0.4375,2.25,0.24390243902439024
41,0.530973,23,60,2.60869,69,3.0,7,,0.838709,0.790323,0.69565,32,0.179104,0.179104,16,20142015,34.30434,31.43478,Chicago Blackhawks,16,,16,12,0,1.0,3.0,0.34146341463414637
226,0.468428,11,33,3.0,27,2.45454,6,,0.764705,0.735295,0.45454,10,0.194444,0.194444,5,20142015,31.54545,25.27272,Calgary Flames,20,,5,4,0,0.3125,0.0,0.2073170731707317
296,0.480025,26,62,2.38461,65,2.5,12,,0.858823,0.82353,0.53846,28,0.17647,0.2,14,20142015,28.03846,28.11538,Tampa Bay Lightning,14,,14,11,0,0.875,0.6875,0.3780487804878049
11,0.464594,19,41,2.15789,45,2.36842,8,,0.8,0.8,0.57894,22,0.193548,0.209677,11,20142015,30.0,30.89473,New York Rangers,3,,11,7,0,0.6875,1.8125,0.32926829268292684
286,0.505567,6,19,3.16666,21,3.5,4,,0.842105,0.842106,0.33333,4,0.272727,0.272727,2,20142015,34.66666,38.66666,Nashville Predators,18,,2,2,0,0.125,0.8125,0.3048780487804878
335,0.521628,12,29,2.41666,25,2.08333,6,,0.75,0.7,0.5,12,0.055555,0.055555,6,20142015,29.41666,34.66666,Montréal Canadiens,8,,6,4,0,0.375,1.4375,0.34146341463414637
87,0.528967,6,17,2.83333,14,2.33333,4,,0.75,0.666667,0.33333,4,0.090909,0.181818,2,20142015,22.66666,26.5,St. Louis Blues,19,,2,2,0,0.125,0.5,0.32926829268292684
285,0.526967,16,42,2.625,57,3.5625,5,,0.842105,0.842106,0.6875,22,0.222222,0.266666,11,20142015,29.5625,35.5625,Anaheim Ducks,24,,11,8,0,0.6875,0.75,0.34146341463414637
104,0.459459,7,17,2.42857,15,2.14285,4,,0.966666,0.933334,0.42857,6,0.103448,0.172413,3,20142015,28.57142,24.0,Detroit Red Wings,17,,3,3,0,0.1875,1.3125,0.2926829268292683
154,0.462732,10,27,2.7,24,2.4,6,,0.823529,0.764706,0.4,8,0.173913,0.304347,4,20142015,27.2,26.7,Minnesota Wild,30,,4,4,0,0.25,0.4375,0.3048780487804878
188,0.487309,6,12,2.0,12,2.0,4,,0.95,0.95,0.33333,4,0.2,0.25,2,20142015,37.33333,33.0,Ottawa Senators,9,,2,2,0,0.125,0.625,0.2926829268292683
353,0.544303,5,11,2.2,8,1.6,4,,0.85,0.85,0.2,2,0.153846,0.153846,1,20142015,30.0,26.4,Pittsburgh Penguins,5,,1,1,0,0.0625,1.6875,0.2682926829268293
125,0.5,6,18,3.0,14,2.33333,4,,0.722222,0.722223,0.33333,4,0.1875,0.1875,2,20142015,26.16666,30.16666,Vancouver Canucks,23,,2,2,0,0.125,1.375,0.3170731707317073
266,0.460714,4,16,4.0,9,2.25,4,,0.727272,0.727273,0.0,0,0.153846,0.153846,0,20142015,34.5,29.5,Winnipeg Jets,52,,0,0,0,0.0,0.0,0.3048780487804878
73,0.558381,14,28,2.0,28,2.0,7,,0.90625,0.90625,0.5,14,0.107142,0.107142,7,20142015,31.07142,31.71428,Washington Capitals,15,,7,6,0,0.4375,1.0625,0.3170731707317073
103,0.439903,7,16,2.28571,15,2.14285,4,,0.846153,0.846154,0.42857,6,0.0,0.0,3,20142015,31.57142,28.42857,New York Islanders,2,,3,2,0,0.1875,0.125,0.3170731707317073
156,0.486666,6,15,2.5,14,2.33333,4,,0.761904,0.761905,0.33333,4,0.133333,0.133333,2,20152016,37.83333,39.16666,Florida Panthers,13,,2,2,0,0.125,0.1875,0.18292682926829268
22,0.492957,7,19,2.71428,20,2.85714,4,,0.777777,0.722223,0.42857,6,0.315789,0.315789,3,20152016,29.28571,36.57142,Chicago Blackhawks,16,,3,2,0,0.1875,3.0,0.24390243902439024
106,0.517808,6,14,2.33333,6,1.0,4,,0.703703,0.703704,0.33333,4,0.041666,0.041666,2,20152016,31.0,25.83333,Philadelphia Flyers,4,,2,2,0,0.125,0.75,0.23170731707317074
134,0.496287,12,22,1.83333,29,2.41666,6,,0.906976,0.906977,0.5,12,0.26,0.26,6,20152016,30.33333,32.33333,Washington Capitals,15,,6,5,0,0.375,1.3125,0.25609756097560976
254,0.544891,5,16,3.2,11,2.2,4,,0.809523,0.761905,0.2,2,0.214285,0.214285,1,20152016,26.6,25.0,Los Angeles Kings,26,,1,0,0,0.0625,2.6875,0.2682926829268293
120,0.488317,6,21,3.5,17,2.83333,4,,0.789473,0.789474,0.33333,4,0.25,0.25,2,20152016,27.33333,26.0,Minnesota Wild,30,,2,1,0,0.125,0.6875,0.1951219512195122
117,0.479166,17,40,2.35294,48,2.82352,6,,0.865671,0.865672,0.64705,22,0.160714,0.160714,11,20152016,33.29411,27.82352,Tampa Bay Lightning,14,,11,8,0,0.6875,1.5625,0.17073170731707318
144,0.497168,14,43,3.07142,31,2.21428,7,,0.73913,0.739131,0.5,14,0.086956,0.086956,7,20152016,29.35714,29.28571,Nashville Predators,18,,7,5,0,0.4375,0.8125,0.18292682926829268
371,0.519944,11,32,2.90909,26,2.36363,6,,0.857142,0.857143,0.45454,10,0.230769,0.230769,5,20152016,35.63636,33.0909,New York Islanders,2,,5,2,0,0.3125,0.3125,0.21951219512195122
6,0.5,5,12,2.4,8,1.6,4,,0.826086,0.826087,0.2,2,0.04,0.04,1,20152016,27.6,32.0,Detroit Red Wings,17,,1,1,0,0.0625,1.1875,0.1951219512195122
7,0.528358,5,21,4.2,10,2.0,4,,0.666666,0.619048,0.2,2,0.052631,0.105263,1,20152016,30.6,30.8,New York Rangers,3,,1,1,0,0.0625,2.5,0.21951219512195122
214,0.510505,20,56,2.8,57,2.85,10,,0.816666,0.8,0.5,20,0.245614,0.263157,10,20152016,31.0,27.5,St. Louis Blues,19,,10,8,0,0.625,0.625,0.2682926829268293
327,0.501734,13,42,3.23076,35,2.6923,6,,0.736842,0.736843,0.53846,14,0.153846,0.153846,7,20152016,27.38461,28.30769,Dallas Stars,25,,7,6,0,0.4375,0.125,0.2682926829268293
343,0.471391,24,56,2.33333,75,3.125,10,,0.796875,0.796875,0.58333,28,0.213333,0.24,14,20152016,28.875,26.79166,San Jose Sharks,28,,14,13,0,0.875,1.25,0.21951219512195122
325,0.504895,24,55,2.29166,73,3.04166,8,,0.865671,0.850747,0.66666,32,0.220779,0.233766,16,20152016,28.04166,34.875,Pittsburgh Penguins,5,,16,12,0,1.0,1.3125,0.1951219512195122
142,0.542857,7,14,2.0,18,2.57142,4,,0.961538,0.961539,0.42857,6,0.16,0.16,3,20152016,27.57142,28.57142,Anaheim Ducks,24,,3,3,0,0.1875,1.4375,0.2073170731707317
42,0.552055,17,52,3.05882,50,2.94117,7,,0.765625,0.765625,0.58823,20,0.111111,0.129629,10,20162017,32.29411,34.17647,Anaheim Ducks,24,,10,6,0,0.625,1.5,0.2682926829268293
333,0.47244,4,13,3.25,3,0.75,4,,0.875,0.875,0.0,0,0.222222,0.222222,0,20162017,31.0,31.5,Chicago Blackhawks,16,,0,0,0,0.0,3.0,0.3048780487804878
312,0.474912,13,36,2.76923,36,2.76923,6,,0.85,0.85,0.53846,14,0.225,0.25,7,20162017,28.76923,33.84615,Washington Capitals,15,,7,3,0,0.4375,1.4375,0.34146341463414637
346,0.505007,22,48,2.18181,60,2.72727,8,,0.890625,0.890625,0.63636,28,0.16923,0.16923,14,20162017,28.13636,29.68181,Nashville Predators,18,,14,12,0,0.875,0.875,0.3048780487804878
84,0.528301,6,12,2.0,14,2.33333,4,,0.875,0.875,0.33333,4,0.115384,0.192307,2,20162017,28.16666,28.83333,San Jose Sharks,28,,2,1,0,0.125,1.5625,0.25609756097560976
302,0.474683,5,21,4.2,13,2.6,4,,0.666666,0.666667,0.2,2,0.083333,0.166666,1,20162017,34.2,38.8,Columbus Blue Jackets,29,,1,1,0,0.0625,0.125,0.3170731707317073
107,0.444444,13,35,2.6923,36,2.76923,6,,0.897959,0.857143,0.53846,14,0.214285,0.214285,7,20162017,34.23076,29.23076,Edmonton Oilers,22,,7,6,0,0.4375,0.0,0.25609756097560976
57,0.465703,4,14,3.5,9,2.25,4,,0.846153,0.769231,0.0,0,0.375,0.375,0,20162017,30.5,34.5,Calgary Flames,20,,0,0,0,0.0,0.3125,0.24390243902439024
66,0.450349,11,23,2.0909,22,2.0,5,,0.8,0.8,0.54545,12,0.066666,0.066666,6,20162017,30.63636,26.90909,St. Louis Blues,19,,6,4,0,0.375,1.25,0.2682926829268293
314,0.514907,19,50,2.63157,47,2.47368,8,,0.813559,0.81356,0.57894,22,0.065573,0.114754,11,20162017,32.73684,30.21052,Ottawa Senators,9,,11,5,0,0.6875,0.625,0.2682926829268293
289,0.471428,12,30,2.5,34,2.83333,6,,0.973684,0.894737,0.5,12,0.076923,0.076923,6,20162017,33.0,33.0,New York Rangers,3,,6,5,0,0.375,2.5,0.2926829268292683
173,0.573863,5,11,2.2,8,1.6,4,,0.933333,0.933334,0.2,2,0.166666,0.166666,1,20162017,26.8,36.4,Minnesota Wild,30,,1,1,0,0.0625,0.8125,0.3048780487804878
223,0.504044,25,57,2.28,77,3.08,9,,0.863013,0.835617,0.64,32,0.205128,0.205128,16,20162017,31.76,28.72,Pittsburgh Penguins,5,,16,14,0,1.0,2.125,0.3048780487804878
157,0.539568,6,18,3.0,16,2.66666,4,,0.705882,0.705883,0.33333,4,0.166666,0.166666,2,20162017,35.16666,35.5,Toronto Maple Leafs,10,,2,0,0,0.125,0.1875,0.21951219512195122
177,0.501312,6,15,2.5,13,2.16666,4,,0.826086,0.782609,0.33333,4,0.1875,0.1875,2,20162017,31.16666,27.5,Boston Bruins,6,,2,1,0,0.125,1.5,0.1951219512195122
161,0.509186,6,14,2.33333,11,1.83333,4,,0.933333,0.933334,0.33333,4,0.1,0.15,2,20162017,30.16666,34.33333,Montréal Canadiens,8,,2,1,0,0.125,1.0625,0.23170731707317074
264,0.486486,6,28,4.66666,15,2.5,4,,0.84,0.8,0.33333,4,0.095238,0.095238,2,20172018,30.66666,24.66666,Philadelphia Flyers,4,,2,2,0,0.125,0.3125,0.25609756097560976
119,0.507889,17,48,2.82352,50,2.94117,6,,0.75,0.75,0.64705,22,0.25,0.285714,11,20172018,31.52941,29.17647,Tampa Bay Lightning,14,,11,10,0,0.6875,1.5625,0.36585365853658536
76,0.550776,13,42,3.23076,41,3.15384,6,,0.846153,0.820513,0.53846,14,0.216216,0.216216,7,20172018,31.46153,35.84615,Nashville Predators,18,,7,6,0,0.4375,1.4375,0.43902439024390244
341,0.495238,17,42,2.47058,53,3.11764,8,,0.761904,0.761905,0.52941,18,0.224489,0.244897,9,20172018,30.58823,33.35294,Winnipeg Jets,52,,9,9,0,0.5625,0.0,0.35365853658536583
159,0.502155,7,28,4.0,20,2.85714,4,,0.714285,0.666667,0.42857,6,0.266666,0.266666,3,20172018,35.0,28.14285,Toronto Maple Leafs,10,,3,3,0,0.1875,0.3125,0.2682926829268293
37,0.524163,4,7,1.75,3,0.75,4,,0.916666,0.916667,0.0,0,0.076923,0.076923,0,20172018,32.75,32.5,Los Angeles Kings,26,,0,0,0,0.0,1.625,0.2926829268292683
83,0.483675,20,47,2.35,57,2.85,7,,0.79452,0.794521,0.65,26,0.184615,0.184615,13,20172018,32.05,31.45,Vegas Golden Knights,54,,13,11,0,0.8125,0.0,0.35365853658536583
172,0.491298,24,61,2.54166,86,3.58333,8,,0.773333,0.76,0.66666,32,0.28,0.293333,16,20172018,28.79166,31.75,Washington Capitals,15,,16,13,0,1.0,1.4375,0.32926829268292684
229,0.494039,12,37,3.08333,41,3.41666,7,,0.764705,0.735295,0.41666,10,0.333333,0.363636,5,20172018,29.25,31.5,Boston Bruins,6,,5,5,0,0.3125,1.4375,0.2804878048780488
47,0.495762,4,16,4.0,4,1.0,4,,0.7,0.7,0.0,0,0.166666,0.166666,0,20172018,32.25,33.0,Anaheim Ducks,24,,0,0,0,0.0,2.125,0.2804878048780488
98,0.502439,6,24,4.0,18,3.0,4,,0.703703,0.666667,0.33333,4,0.125,0.166666,2,20172018,37.16666,32.66666,Columbus Blue Jackets,29,,2,0,0,0.125,0.1875,0.2682926829268293
366,0.487632,5,16,3.2,9,1.8,4,,0.76923,0.769231,0.2,2,0.230769,0.230769,1,20172018,33.8,25.2,Minnesota Wild,30,,1,1,0,0.0625,0.875,0.3048780487804878
48,0.525602,10,26,2.6,30,3.0,4,,0.8,0.8,0.6,12,0.234042,0.234042,6,20172018,33.4,34.3,San Jose Sharks,28,,6,5,0,0.375,1.625,0.24390243902439024
322,0.526695,12,34,2.83333,42,3.5,6,,0.833333,0.833334,0.5,12,0.204545,0.227272,6,20172018,26.58333,29.08333,Pittsburgh Penguins,5,,6,6,0,0.375,3.0,0.3048780487804878
271,0.47619,5,18,3.6,12,2.4,4,,0.789473,0.736843,0.2,2,0.157894,0.157894,1,20172018,33.6,34.2,New Jersey Devils,1,,1,1,0,0.0625,0.0,0.2682926829268293
112,0.40909,6,22,3.66666,15,2.5,4,,0.842105,0.842106,0.33333,4,0.1,0.1,2,20172018,35.33333,28.66666,Colorado Avalanche,21,,2,2,0,0.125,0.1875,0.3170731707317073
167,0.593023,5,17,3.4,11,2.2,4,,0.8,0.8,0.2,2,0.136363,0.227272,1,20182019,41.0,32.8,Calgary Flames,20,,1,1,0,0.0625,0.3125,0.21951219512195122
217,0.473344,10,25,2.5,30,3.0,4,,0.88,0.84,0.6,12,0.193548,0.258064,6,20182019,33.3,32.0,Columbus Blue Jackets,29,,6,5,0,0.375,0.3125,0.23170731707317074
176,0.482758,4,14,3.5,6,1.5,4,,0.846153,0.846154,0.0,0,0.090909,0.090909,0,20182019,32.25,34.0,Pittsburgh Penguins,5,,0,0,0,0.0,2.875,0.2804878048780488
317,0.478048,7,23,3.28571,17,2.42857,4,,0.625,0.5625,0.42857,6,0.1875,0.1875,3,20182019,35.42857,32.0,Toronto Maple Leafs,10,,3,3,0,0.1875,0.3125,0.25609756097560976
295,0.478142,6,16,2.66666,16,2.66666,4,,0.789473,0.736843,0.33333,4,0.214285,0.214285,2,20182019,30.66666,28.83333,Winnipeg Jets,52,,2,1,0,0.125,0.5625,0.24390243902439024
212,0.506224,7,23,3.28571,25,3.57142,4,,0.823529,0.764706,0.42857,6,0.241379,0.275862,3,20182019,33.14285,35.0,Vegas Golden Knights,54,,3,3,0,0.1875,0.8125,0.18292682926829268
347,0.442708,12,31,2.58333,35,2.91666,5,,0.880952,0.833334,0.58333,14,0.145833,0.145833,7,20182019,31.33333,33.08333,Colorado Avalanche,21,,7,4,0,0.4375,0.3125,0.18292682926829268
53,0.502222,4,19,4.75,8,2.0,4,,0.6,0.5,0.0,0,0.0,0.166666,0,20182019,27.0,29.25,Tampa Bay Lightning,14,,0,0,0,0.0,2.25,0.34146341463414637
78,0.5189,24,51,2.125,79,3.29166,9,,0.913043,0.884058,0.625,30,0.31081,0.324324,15,20182019,31.0,32.625,Boston Bruins,6,,15,14,0,0.9375,0.875,0.2804878048780488
269,0.505494,20,66,3.3,58,2.9,10,,0.821917,0.794521,0.5,20,0.149253,0.179104,10,20182019,30.3,30.2,San Jose Sharks,28,,10,7,0,0.625,1.5625,0.23170731707317074
77,0.50399,13,30,2.30769,35,2.6923,6,,0.972972,0.945946,0.53846,14,0.222222,0.222222,7,20182019,34.84615,31.23076,Dallas Stars,25,,7,6,0,0.4375,0.5625,0.23170731707317074
359,0.489525,15,42,2.8,39,2.6,7,,0.705882,0.686275,0.53333,16,0.096153,0.096153,8,20182019,27.53333,30.46666,Carolina Hurricanes,12,,8,6,0,0.5,0.0,0.2073170731707317
64,0.534825,6,18,3.0,12,2.0,4,,0.818181,0.818182,0.33333,4,0.0,0.0,2,20182019,33.33333,36.33333,Nashville Predators,18,,2,1,0,0.125,1.875,0.25609756097560976
27,0.520089,8,19,2.375,19,2.375,4,,0.916666,0.916667,0.5,8,0.2,0.2,4,20182019,30.625,30.625,New York Islanders,2,,4,3,0,0.25,0.5,0.23170731707317074
126,0.499691,26,70,2.6923,75,2.88461,10,,0.753846,0.753847,0.61538,32,0.1125,0.1625,16,20182019,28.88461,30.07692,St. Louis Blues,19,,16,14,0,1.0,1.25,0.2804878048780488
147,0.488888,7,21,3.0,20,2.85714,4,,0.88,0.88,0.42857,6,0.208333,0.25,3,20182019,33.42857,27.14285,Washington Capitals,15,,3,2,0,0.1875,2.25,0.23170731707317074
232,0.503052,27,82,3.03703,77,2.85185,12,,0.815533,0.796117,0.55555,30,0.188235,0.223529,14,20192020,33.29629,29.74074,Dallas Stars,25,,15,9,1,0.9375,0.875,0.30434782608695654
338,0.488721,9,30,3.33333,27,3.0,5,,0.814814,0.777778,0.44444,8,0.133333,0.166666,4,20192020,36.0,27.22222,Chicago Blackhawks,16,,4,4,0,0.25,1.1875,0.21428571428571427
208,0.530759,13,39,3.0,29,2.23076,8,,0.853658,0.829269,0.38461,10,0.2,0.222222,5,20192020,29.61538,32.61538,Boston Bruins,6,,5,4,0,0.3125,1.375,0.32857142857142857
367,0.486312,10,27,2.7,33,3.3,5,,0.921052,0.81579,0.5,10,0.257142,0.285714,5,20192020,32.5,31.4,Calgary Flames,20,,5,5,0,0.3125,0.375,0.2
233,0.420704,8,23,2.875,13,1.625,5,,0.933333,0.933334,0.3125,5,0.142857,0.178571,2,20192020,27.0,24.875,Washington Capitals,15,,2,2,0,0.125,2.4375,0.3333333333333333
12,0.461409,10,19,1.9,23,2.3,5,,0.866666,0.844445,0.5,10,0.151515,0.151515,5,20192020,28.3,29.3,Montréal Canadiens,8,,5,4,0,0.3125,0.5,0.28169014084507044
62,0.489626,8,19,2.375,22,2.75,4,,0.878787,0.818182,0.5,8,0.068965,0.137931,4,20192020,32.75,28.625,Carolina Hurricanes,12,,4,4,0,0.25,0.5,0.2647058823529412
323,0.55709,17,45,2.64705,48,2.82352,7,,0.830769,0.8,0.58823,20,0.188405,0.202898,10,20192020,36.70588,26.52941,Vancouver Canucks,23,,10,8,0,0.625,0.125,0.2318840579710145
52,0.57085,4,14,3.5,11,2.75,3,,0.833333,0.833334,0.25,2,0.214285,0.285714,1,20192020,31.25,40.75,Nashville Predators,18,,1,1,0,0.0625,2.0,0.2753623188405797
373,0.501621,15,41,2.73333,60,4.0,5,,0.75,0.75,0.63333,19,0.220588,0.220588,9,20192020,27.53333,36.46666,Colorado Avalanche,21,,9,9,0,0.5625,0.5625,0.2571428571428571
54,0.545064,4,13,3.25,7,1.75,3,,0.75,0.75,0.25,2,0.285714,0.285714,1,20192020,30.5,25.75,Florida Panthers,13,,1,1,0,0.0625,0.125,0.21739130434782608
138,0.498316,5,12,2.4,10,2.0,3,,1.071428,1.0,0.4,4,0.153846,0.153846,2,20192020,31.8,37.8,Toronto Maple Leafs,10,,2,1,0,0.125,0.5,0.22857142857142856
74,0.497688,22,51,2.31818,66,3.0,9,,0.833333,0.818182,0.5909,26,0.153846,0.153846,13,20192020,29.27272,29.95454,New York Islanders,2,,13,11,0,0.8125,0.75,0.2647058823529412
279,0.451082,20,44,2.2,57,2.85,8,,0.870967,0.854839,0.6,24,0.166666,0.181818,12,20192020,24.45,36.15,Vegas Golden Knights,54,,12,10,0,0.75,1.0,0.23943661971830985
85,0.517367,9,31,3.44444,22,2.44444,6,,0.743589,0.74359,0.27777,5,0.125,0.1875,2,20192020,31.11111,33.33333,St. Louis Blues,19,,2,1,0,0.125,2.125,0.323943661971831
121,0.45,4,12,3.0,10,2.5,3,,0.842105,0.789474,0.25,2,0.136363,0.136363,1,20192020,29.0,30.5,Minnesota Wild,30,,1,1,0,0.0625,0.5,0.2318840579710145
79,0.506122,4,10,2.5,8,2.0,3,,1.0,1.0,0.25,2,0.17647,0.17647,1,20192020,28.75,33.5,Pittsburgh Penguins,5,,1,1,0,0.0625,2.4375,0.2608695652173913
18,0.45772,9,33,3.66666,22,2.44444,5,,0.705882,0.676471,0.44444,8,0.111111,0.111111,4,20192020,38.66666,25.88888,Arizona Coyotes,53,,4,3,0,0.25,0.0,0.22857142857142856
358,0.545454,16,40,2.5,38,2.375,6,,0.807692,0.807693,0.625,20,0.057692,0.076923,10,20192020,30.625,27.0625,Philadelphia Flyers,4,,10,7,0,0.625,0.25,0.2753623188405797
29,0.539682,4,16,4.0,6,1.5,3,,0.705882,0.705883,0.25,2,0.058823,0.117647,1,20192020,32.25,27.5,Winnipeg Jets,52,,1,1,0,0.0625,0.6875,0.23943661971830985
129,0.527777,4,16,4.0,15,3.75,3,,0.777777,0.777778,0.25,2,0.294117,0.294117,1,20192020,30.5,34.25,Edmonton Oilers,22,,1,1,0,0.0625,0.4375,0.2535211267605634
273,0.517027,10,24,2.4,24,2.4,6,,0.913043,0.913044,0.4,8,0.058823,0.088235,4,20192020,39.5,33.1,Columbus Blue Jackets,29,,4,3,0,0.25,0.5625,0.24285714285714285
111,0.484316,25,57,2.28,77,3.08,7,,0.860465,0.860466,0.72,36,0.213333,0.226666,17,20192020,29.68,35.16,Tampa Bay Lightning,14,,18,11,1,1.125,2.25,0.2571428571428571
132,0.472222,3,11,3.66666,4,1.33333,3,,0.928571,0.857143,0.0,0,0.0,0.071428,0,20192020,34.0,29.33333,New York Rangers,3,,0,0,0,0.0,1.125,0.2571428571428571
105,0.458083,5,16,3.2,10,2.0,4,,0.736842,0.736843,0.2,2,0.142857,0.142857,1,20202021,34.6,33.8,Washington Capitals,15,,1,0,0,0.0625,2.125,0.21428571428571427
38,0.532258,8,22,2.75,20,2.5,4,,0.833333,0.791667,0.5,8,0.0,0.166666,4,20202021,36.375,30.125,Winnipeg Jets,52,,4,1,0,0.25,0.75,0.10714285714285714
108,0.476595,4,20,5.0,7,1.75,4,,0.583333,0.5,0.0,0,0.111111,0.222222,0,20202021,36.25,27.5,St. Louis Blues,19,,0,0,0,0.0,2.125,0.19642857142857142
211,0.523238,11,32,2.90909,33,3.0,5,,0.756756,0.756757,0.54545,12,0.363636,0.363636,6,20202021,31.0,35.81818,Boston Bruins,6,,6,3,0,0.375,1.6875,0.21428571428571427
221,0.475362,6,21,3.5,16,2.66666,4,,0.875,0.8125,0.33333,4,0.25,0.25,2,20202021,31.16666,38.5,Pittsburgh Penguins,5,,2,2,0,0.125,2.4375,0.26785714285714285
344,0.483296,6,22,3.66666,16,2.66666,4,,0.789473,0.789474,0.33333,4,0.115384,0.115384,2,20202021,42.33333,34.16666,Nashville Predators,18,,2,0,0,0.125,1.9375,0.125
170,0.505882,7,14,2.0,18,2.57142,4,,0.842105,0.842106,0.42857,6,0.086956,0.130434,3,20202021,28.28571,33.71428,Toronto Maple Leafs,10,,3,3,0,0.1875,0.625,0.21428571428571427
215,0.52011,11,30,2.72727,31,2.81818,6,,0.761904,0.761905,0.45454,10,0.181818,0.181818,5,20202021,30.72727,36.81818,Carolina Hurricanes,12,,5,2,0,0.3125,0.75,0.2857142857142857
210,0.510752,6,24,4.0,17,2.83333,4,,0.6,0.6,0.33333,4,0.227272,0.272727,2,20202021,31.16666,37.83333,Florida Panthers,13,,2,1,0,0.125,0.1875,0.21428571428571427
95,0.454198,4,14,3.5,8,2.0,4,,0.7,0.7,0.0,0,0.181818,0.181818,0,20202021,34.5,39.75,Edmonton Oilers,22,,0,0,0,0.0,0.5,0.17857142857142858
124,0.481245,23,45,1.95652,75,3.26086,7,,0.873015,0.84127,0.69565,32,0.323529,0.323529,16,20202021,30.43478,29.56521,Tampa Bay Lightning,14,,16,16,0,1.0,2.5,0.23214285714285715
307,0.518298,19,53,2.78947,54,2.8421,8,,0.651162,0.651163,0.57894,22,0.163265,0.204081,11,20202021,35.15789,28.47368,New York Islanders,2,,11,7,0,0.6875,1.375,0.16071428571428573
329,0.535159,19,46,2.42105,53,2.78947,9,,0.743589,0.717949,0.52631,20,0.093023,0.093023,10,20202021,26.42105,32.10526,Vegas Golden Knights,54,,10,8,0,0.625,1.75,0.125
220,0.500891,10,27,2.7,38,3.8,4,,0.863636,0.818182,0.6,12,0.37931,0.413793,6,20202021,30.2,30.8,Colorado Avalanche,21,,6,5,0,0.375,1.125,0.16071428571428573
181,0.49419,22,54,2.45454,51,2.31818,9,,0.983606,0.918033,0.5909,26,0.169811,0.188679,13,20202021,30.72727,28.86363,Montréal Canadiens,8,,13,7,0,0.8125,0.4375,0.19642857142857142
342,0.423728,7,20,2.85714,13,1.85714,4,,0.866666,0.866667,0.42857,6,0.090909,0.181818,3,20202021,32.14285,24.85714,Minnesota Wild,30,,3,2,0,0.1875,0.3125,0.14285714285714285
340,0.514792,12,38,3.16666,40,3.33333,6,,0.81081,0.810811,0.5,12,0.307692,0.307692,6,20212022,34.0,28.83333,St. Louis Blues,19,,6,5,0,0.375,1.5,0.2926829268292683
43,0.493392,7,27,3.85714,17,2.42857,4,,0.631578,0.631579,0.42857,6,0.041666,0.125,3,20212022,35.57142,37.28571,Los Angeles Kings,26,,3,2,0,0.1875,0.0,0.1951219512195122
345,0.482248,6,22,3.66666,16,2.66666,4,,0.692307,0.692308,0.33333,4,0.166666,0.166666,2,20212022,31.33333,31.0,Minnesota Wild,30,,2,2,0,0.125,0.375,0.2804878048780488
26,0.467191,6,20,3.33333,19,3.16666,4,,1.0,1.0,0.33333,4,0.291666,0.291666,2,20212022,33.16666,30.33333,Washington Capitals,15,,2,2,0,0.125,1.8125,0.2073170731707317
33,0.485572,16,59,3.6875,65,4.0625,8,,0.877192,0.824562,0.5,16,0.24,0.26,8,20212022,38.875,34.0,Edmonton Oilers,22,,8,7,0,0.5,0.5,0.2804878048780488
155,0.55608,14,40,2.85714,37,2.64285,7,,0.78,0.74,0.5,14,0.111111,0.129629,7,20212022,29.28571,31.5,Carolina Hurricanes,12,,7,6,0,0.4375,1.0625,0.3048780487804878
110,0.439484,20,58,2.9,62,3.1,10,,0.836363,0.8,0.5,20,0.267857,0.321428,10,20212022,37.8,31.3,New York Rangers,3,,10,9,0,0.625,0.375,0.24390243902439024
133,0.47833,20,55,2.75,85,4.25,4,,0.839285,0.803572,0.8,32,0.327868,0.327868,16,20212022,27.9,39.05,Colorado Avalanche,21,,16,11,0,1.0,1.5,0.3048780487804878
238,0.496212,4,21,5.25,9,2.25,4,,0.5625,0.5625,0.0,0,0.153846,0.230769,0,20212022,44.0,28.0,Nashville Predators,18,,0,0,0,0.0,1.625,0.23170731707317074
139,0.488584,7,24,3.42857,20,2.85714,4,,0.888888,0.861112,0.42857,6,0.206896,0.206896,3,20212022,29.42857,32.42857,Boston Bruins,6,,3,3,0,0.1875,2.0625,0.21951219512195122
180,0.524369,10,32,3.2,23,2.3,6,,0.717948,0.717949,0.4,8,0.032258,0.032258,4,20212022,30.8,35.3,Florida Panthers,13,,4,2,0,0.25,0.1875,0.2682926829268293
140,0.524361,7,15,2.14285,14,2.0,4,,0.916666,0.916667,0.42857,6,0.083333,0.083333,3,20212022,41.0,27.85714,Dallas Stars,25,,3,3,0,0.1875,1.375,0.25609756097560976
179,0.568807,7,28,4.0,29,4.14285,4,,0.736842,0.684211,0.42857,6,0.173913,0.260869,3,20212022,38.57142,44.28571,Pittsburgh Penguins,5,,3,2,0,0.1875,1.5625,0.1951219512195122
203,0.565947,7,23,3.28571,24,3.42857,4,,0.848484,0.787879,0.42857,6,0.107142,0.142857,3,20212022,30.71428,30.85714,Toronto Maple Leafs,10,,3,3,0,0.1875,0.8125,0.3048780487804878
30,0.489552,23,61,2.65217,67,2.91304,9,,0.79452,0.780822,0.60869,28,0.160493,0.19753,14,20212022,32.7826,31.08695,Tampa Bay Lightning,14,,14,13,0,0.875,2.8125,0.23170731707317074
16,0.518569,12,39,3.25,35,2.91666,7,,0.886363,0.863637,0.41666,10,0.09756,0.121951,5,20212022,30.41666,39.66666,Calgary Flames,20,,5,4,0,0.3125,0.375,0.25609756097560976
256,0.512953,6,16,2.66666,15,2.5,4,,0.84,0.8,0.33333,4,0.0,0.055555,2,20222023,35.0,29.0,New York Islanders,2,,2,2,0,0.125,1.75,0.2073170731707317
184,0.554179,11,35,3.18181,33,3.0,6,,0.733333,0.733334,0.45454,10,0.25,0.25,5,20222023,31.81818,32.54545,Toronto Maple Leafs,10,,5,2,0,0.3125,0.875,0.32926829268292684
207,0.504119,22,57,2.5909,88,4.0,6,,0.733333,0.716667,0.72727,32,0.19178,0.219178,16,20222023,32.04545,30.0909,Vegas Golden Knights,54,,16,13,0,1.0,2.375,0.3048780487804878
268,0.491909,5,19,3.8,14,2.8,4,,0.8125,0.8125,0.2,2,0.416666,0.416666,1,20222023,31.8,30.8,Winnipeg Jets,52,,1,1,0,0.0625,1.0,0.2682926829268293
278,0.55575,19,61,3.21052,59,3.10526,9,,0.84,0.82,0.52631,20,0.288461,0.307692,10,20222023,29.26315,30.63157,Dallas Stars,25,,10,9,0,0.625,1.5625,0.2682926829268293
243,0.43599,14,45,3.21428,44,3.14285,7,,0.885714,0.828572,0.5,14,0.114285,0.142857,7,20222023,30.57142,29.14285,Seattle Kraken,55,,7,5,0,0.4375,0.0,0.24390243902439024
328,0.549751,7,18,2.57142,19,2.71428,4,,0.904761,0.857143,0.42857,6,0.055555,0.111111,3,20222023,30.0,33.28571,Colorado Avalanche,21,,3,3,0,0.1875,2.5,0.2926829268292683
152,0.492668,15,38,2.53333,46,3.06666,7,,0.931818,0.84091,0.53333,16,0.137254,0.17647,8,20222023,28.86666,36.0,Carolina Hurricanes,12,,8,5,0,0.5,1.5,0.2804878048780488
348,0.485488,7,17,2.42857,17,2.42857,4,,0.833333,0.833334,0.42857,6,0.107142,0.178571,3,20222023,29.42857,27.85714,New York Rangers,3,,3,3,0,0.1875,0.625,0.2926829268292683
194,0.451704,21,69,3.28571,62,2.95238,8,,0.732394,0.704226,0.61904,26,0.157894,0.210526,13,20222023,35.66666,31.5238,Florida Panthers,13,,13,6,0,0.8125,0.4375,0.21951219512195122
88,0.437017,6,21,3.5,14,2.33333,4,,0.625,0.625,0.33333,4,0.136363,0.181818,2,20222023,31.66666,30.66666,Minnesota Wild,30,,2,1,0,0.125,0.4375,0.23170731707317074
195,0.532751,12,41,3.41666,30,2.5,7,,0.9,0.825,0.41666,10,0.083333,0.166666,5,20222023,29.25,28.16666,New Jersey Devils,1,,5,4,0,0.3125,0.0625,0.25609756097560976
297,0.517006,12,42,3.5,44,3.66666,6,,0.777777,0.755556,0.5,12,0.435897,0.461538,6,20222023,31.5,34.25,Edmonton Oilers,22,,6,5,0,0.375,0.5625,0.3048780487804878
13,0.53796,7,26,3.71428,27,3.85714,4,,0.85,0.75,0.42857,6,0.37037,0.407407,3,20222023,32.28571,35.57142,Boston Bruins,6,,3,3,0,0.1875,2.125,0.4268292682926829
101,0.456989,6,25,4.16666,20,3.33333,4,,0.5,0.4375,0.33333,4,0.333333,0.333333,2,20222023,35.33333,33.5,Los Angeles Kings,26,,2,0,0,0.125,0.1875,0.25609756097560976
116,0.487738,6,23,3.83333,21,3.5,4,,0.714285,0.714286,0.33333,4,0.238095,0.238095,2,20222023,30.66666,32.66666,Tampa Bay Lightning,14,,2,2,0,0.125,3.6875,0.2682926829268293
253,0.511409,24,62,2.58333,73,3.04166,8,,0.906666,0.88,0.66666,32,0.123456,0.185185,16,20232024,25.25,30.91666,Florida Panthers,13,,16,14,0,1.0,1.25,0.25609756097560976
143,0.493333,5,22,4.4,13,2.6,4,,0.55,0.55,0.2,2,0.0,0.0,1,20232024,31.0,29.0,Los Angeles Kings,26,,1,0,0,0.0625,0.3125,0.18292682926829268
63,0.555555,5,28,5.6,15,3.0,4,,0.625,0.625,0.2,2,0.153846,0.230769,1,20232024,37.0,28.0,Winnipeg Jets,52,,1,1,0,0.0625,0.5,0.2926829268292683
59,0.465561,13,31,2.38461,31,2.38461,7,,0.857142,0.857143,0.46153,12,0.181818,0.212121,6,20232024,32.15384,24.84615,Boston Bruins,6,,6,5,0,0.375,2.0,0.2804878048780488
337,0.507723,16,42,2.625,47,2.9375,6,,0.947368,0.842106,0.625,20,0.24,0.24,10,20232024,32.9375,25.75,New York Rangers,3,,10,6,0,0.625,0.8125,0.25609756097560976
308,0.47319,25,65,2.6,86,3.44,10,,0.985714,0.942858,0.6,30,0.293333,0.293333,15,20232024,25.08,28.4,Edmonton Oilers,22,,15,13,0,0.9375,0.9375,0.21951219512195122
150,0.484777,7,16,2.28571,16,2.28571,4,,0.785714,0.714286,0.42857,6,0.25,0.25,3,20232024,28.57142,27.0,Vegas Golden Knights,54,,3,3,0,0.1875,2.5625,0.25609756097560976
198,0.444954,4,15,3.75,7,1.75,4,,0.625,0.625,0.0,0,0.0,0.117647,0,20232024,26.0,25.25,Washington Capitals,15,,0,0,0,0.0,0.5,0.1951219512195122
262,0.459574,11,37,3.36363,43,3.90909,5,,0.766666,0.733334,0.54545,12,0.3,0.366666,6,20232024,28.63636,32.0909,Colorado Avalanche,21,,6,5,0,0.375,2.5625,0.24390243902439024
236,0.498583,6,13,2.16666,12,2.0,4,,0.846153,0.846154,0.33333,4,0.090909,0.090909,2,20232024,20.16666,25.0,Nashville Predators,18,,2,2,0,0.125,0.3125,0.24390243902439024
45,0.561881,7,18,2.57142,12,1.71428,4,,0.647058,0.647059,0.42857,6,0.047619,0.047619,3,20232024,27.57142,30.71428,Toronto Maple Leafs,10,,3,2,0,0.1875,1.0,0.23170731707317074
292,0.498412,5,19,3.8,12,2.4,4,,0.666666,0.666667,0.2,2,0.272727,0.272727,1,20232024,33.8,27.2,New York Islanders,2,,1,0,0,0.0625,1.875,0.21951219512195122
20,0.505882,11,32,2.90909,38,3.45454,5,,0.733333,0.733334,0.54545,12,0.138888,0.194444,6,20232024,26.63636,35.72727,Carolina Hurricanes,12,,6,6,0,0.375,2.0,0.23170731707317074
128,0.521591,19,48,2.52631,52,2.73684,9,,0.729729,0.675676,0.52631,20,0.155555,0.2,10,20232024,27.31578,27.94736,Dallas Stars,25,,10,8,0,0.625,2.1875,0.25609756097560976
122,0.489864,5,20,4.0,14,2.8,4,,0.846153,0.769231,0.2,2,0.15,0.2,1,20232024,32.0,27.0,Tampa Bay Lightning,14,,1,1,0,0.0625,3.125,0.23170731707317074
280,0.531413,13,36,2.76923,33,2.53846,6,,0.809523,0.809524,0.53846,14,0.138888,0.138888,7,20232024,27.15384,20.76923,Vancouver Canucks,23,,7,6,0,0.4375,0.625,0.2682926829268293
